frame_number,x,y,w,h,eyes,smiles
frame_number,x,y,w,h,eyes,smiles
frame_number,x,y,w,h,eyes,smiles
frame_number,x,y,w,h,eyes,smiles
frame_number,x,y,w,h,eyes,smiles
frame_number,x,y,w,h,eyes,smiles
frame_number,x,y,w,h,eyes,smiles
frame_number,x,y,w,h,eyes,smiles
frame_number,x,y,w,h,eyes,smiles
frame_number,x,y,w,h,eyes,smiles
frame_number,x,y,w,h,eyes,smiles
frame_number,x,y,w,h,eyes,smiles
frame_number,x,y,w,h,eyes,smiles
frame_number,x,y,w,h,eyes,smiles
frame_number,x,y,w,h,eyes,smiles
frame_number,x,y,w,h,eyes,smiles
frame_number,x,y,w,h,eyes,smiles
frame_number,x,y,w,h,eyes,smiles
frame_number,x,y,w,h,eyes,smiles
frame_number,x,y,w,h,eyes,smiles
frame_number,x,y,w,h,eyes,smiles
frame_number,x,y,w,h,eyes,smiles
frame_number,x,y,w,h,eyes,smiles
frame_number,x,y,w,h,eyes,smiles
frame_number,x,y,w,h,eyes,smiles
frame_number,x,y,w,h,eyes,smiles
frame_number,x,y,w,h,eyes,smiles
frame_number,x,y,w,h,eyes,smiles
frame_number,x,y,w,h,eyes,smiles
frame_number,x,y,w,h,eyes,smiles
frame_number,x,y,w,h,eyes,smiles
frame_number,x,y,w,h,eyes,smiles
frame_number,x,y,w,h,eyes,smiles
frame_number,x,y,w,h,eyes,smiles
frame_number,x,y,w,h,eyes,smiles
frame_number,x,y,w,h,eyes,smiles
frame_number,x,y,w,h,eyes,smiles
frame_number,x,y,w,h,eyes,smiles
frame_number,x,y,w,h,eyes,smiles
frame_number,x,y,w,h,eyes,smiles
frame_number,x,y,w,h,eyes,smiles
frame_number,x,y,w,h,eyes,smiles
frame_number,x,y,w,h,eyes,smiles
frame_number,x,y,w,h,eyes,smiles
frame_number,x,y,w,h,eyes,smiles
frame_number,x,y,w,h,eyes,smiles
frame_number,x,y,w,h,eyes,smiles
frame_number,x,y,w,h,eyes,smiles
frame_number,x,y,w,h,eyes,smiles
frame_number,x,y,w,h,eyes,smiles
frame_number,x,y,w,h,eyes,smiles
frame_number,x,y,w,h,eyes,smiles
frame_number,x,y,w,h,eyes,smiles
frame_number,x,y,w,h,eyes,smiles
frame_number,x,y,w,h,eyes,smiles
frame_number,x,y,w,h,eyes,smiles
frame_number,x,y,w,h,eyes,smiles
frame_number,x,y,w,h,eyes,smiles
frame_number,x,y,w,h,eyes,smiles
frame_number,x,y,w,h,eyes,smiles
frame_number,x,y,w,h,eyes,smiles
frame_number,x,y,w,h,eyes,smiles
frame_number,x,y,w,h,eyes,smiles
frame_number,x,y,w,h,eyes,smiles
frame_number,x,y,w,h,eyes,smiles
frame_number,x,y,w,h,eyes,smiles
frame_number,x,y,w,h,eyes,smiles
frame_number,x,y,w,h,eyes,smiles
frame_number,x,y,w,h,eyes,smiles
frame_number,x,y,w,h,eyes,smiles
frame_number,x,y,w,h,eyes,smiles
frame_number,x,y,w,h,eyes,smiles
frame_number,x,y,w,h,eyes,smiles
frame_number,x,y,w,h,eyes,smiles
frame_number,x,y,w,h,eyes,smiles
frame_number,x,y,w,h,eyes,smiles
frame_number,x,y,w,h,eyes,smiles
frame_number,x,y,w,h,eyes,smiles
frame_number,x,y,w,h,eyes,smiles
frame_number,x,y,w,h,eyes,smiles
frame_number,x,y,w,h,eyes,smiles
frame_number,x,y,w,h,eyes,smiles
frame_number,x,y,w,h,eyes,smiles
frame_number,x,y,w,h,eyes,smiles
frame_number,x,y,w,h,eyes,smiles
frame_number,x,y,w,h,eyes,smiles
frame_number,x,y,w,h,eyes,smiles
frame_number,x,y,w,h,eyes,smiles
frame_number,x,y,w,h,eyes,smiles
frame_number,x,y,w,h,eyes,smiles
frame_number,x,y,w,h,eyes,smiles
frame_number,x,y,w,h,eyes,smiles
frame_number,x,y,w,h,eyes,smiles
frame_number,x,y,w,h,eyes,smiles
frame_number,x,y,w,h,eyes,smiles
frame_number,x,y,w,h,eyes,smiles
frame_number,x,y,w,h,eyes,smiles
frame_number,x,y,w,h,eyes,smiles
frame_number,x,y,w,h,eyes,smiles
frame_number,x,y,w,h,eyes,smiles
frame_number,x,y,w,h,eyes,smiles
frame_number,x,y,w,h,eyes,smiles
frame_number,x,y,w,h,eyes,smiles
frame_number,x,y,w,h,eyes,smiles
frame_number,x,y,w,h,eyes,smiles
frame_number,x,y,w,h,eyes,smiles
frame_number,x,y,w,h,eyes,smiles
frame_number,x,y,w,h,eyes,smiles
frame_number,x,y,w,h,eyes,smiles
frame_number,x,y,w,h,eyes,smiles
frame_number,x,y,w,h,eyes,smiles
frame_number,x,y,w,h,eyes,smiles
frame_number,x,y,w,h,eyes,smiles
frame_number,x,y,w,h,eyes,smiles
frame_number,x,y,w,h,eyes,smiles
frame_number,x,y,w,h,eyes,smiles
frame_number,x,y,w,h,eyes,smiles
frame_number,x,y,w,h,eyes,smiles
frame_number,x,y,w,h,eyes,smiles
frame_number,x,y,w,h,eyes,smiles
frame_number,x,y,w,h,eyes,smiles
frame_number,x,y,w,h,eyes,smiles
frame_number,x,y,w,h,eyes,smiles
frame_number,x,y,w,h,eyes,smiles
frame_number,x,y,w,h,eyes,smiles
frame_number,x,y,w,h,eyes,smiles
frame_number,x,y,w,h,eyes,smiles
frame_number,x,y,w,h,eyes,smiles
frame_number,x,y,w,h,eyes,smiles
frame_number,x,y,w,h,eyes,smiles
frame_number,x,y,w,h,eyes,smiles
frame_number,x,y,w,h,eyes,smiles
frame_number,x,y,w,h,eyes,smiles
frame_number,x,y,w,h,eyes,smiles
frame_number,x,y,w,h,eyes,smiles
frame_number,x,y,w,h,eyes,smiles
frame_number,x,y,w,h,eyes,smiles
frame_number,x,y,w,h,eyes,smiles
frame_number,x,y,w,h,eyes,smiles
